contact_email_KEY,update__staff_KEY,update_date_utc,contact_KEY,contact_email_type_KEY,email,create_date_utc,create__changeset_KEY,update__changeset_KEY,display_as
1,61,01/11/2018,343,1,tmcgrath@yahoo.com,12/11/2004,315,4041979,"Mcgrath, Tamsin(tmcgrath@yahoo.com)"
2,61,01/11/2018,340,1,dlamb@msn.com,12/11/2004,63397,4041988,"Lamb, Damian(dlamb@msn.com)"
3,61,11/21/2022,309,1,amurphy@hotmail.com,12/11/2004,63414,8704375,"Murphy, Asia(amurphy@hotmail.com)"
4,62,01/03/2018,362,1,crichards@msn.com,12/11/2004,303452,4015607,"Richards, Cruz(crichards@msn.com)"
5,61,06/04/2013,214,1,mcolon@gmail.com,12/11/2004,112731,112731,"Colon, Malachi(mcolon@gmail.com)"
6,61,06/28/2023,218,1,aphelps@gmail.com,12/11/2004,418345,9691257,"Phelps, Adele(aphelps@gmail.com)"
7,61,12/06/2018,110,1,kkramer@hotmail.com,12/11/2004,1032454,4790995,"Kramer, Kabir(kkramer@hotmail.com)"
8,61,04/02/2013,323,1,eriley@yahoo.com,12/11/2004,163,163,"Riley, Evangeline(eriley@yahoo.com)"
9,61,04/02/2013,312,1,acraig@yahoo.com,12/11/2004,171,171,"Craig, Angelina(acraig@yahoo.com)"
10,61,04/02/2013,311,1,mnicholson@gmail.com,12/11/2004,176,176,"Nicholson, Maximilian(mnicholson@gmail.com)"
11,61,04/02/2013,332,1,roneill@gmail.com,12/11/2004,179,179,"Oneill, Rahim(roneill@gmail.com)"
12,61,04/02/2013,353,1,hmoss@gmail.com,12/11/2004,191,191,"Moss, Haleema(hmoss@gmail.com)"
13,61,04/02/2013,316,1,igentry@yahoo.com,12/11/2004,323,323,"Gentry, Isobel(igentry@yahoo.com)"
14,61,04/02/2013,318,1,olowe@msn.com,12/11/2004,355,355,"Lowe, Otis(olowe@msn.com)"
15,61,04/30/2013,356,1,rmccoy@gmail.com,12/11/2004,63417,63417,"Mccoy, Ridwan(rmccoy@gmail.com)"
16,61,04/30/2013,317,1,slozano@hotmail.com,12/11/2004,63419,63419,"Lozano, Sinead(slozano@hotmail.com)"
17,61,04/30/2013,355,1,abeasley@msn.com,12/11/2004,63424,63424,"Beasley, Anya(abeasley@msn.com)"
18,61,04/30/2013,333,1,lclark@yahoo.com,12/11/2004,63433,63433,"Clark, Lucia(lclark@yahoo.com)"
19,61,11/09/2023,37,1,staylor@gmail.com,11/30/2015,2239146,10122698,"Taylor, Stevie(staylor@gmail.com)"
20,61,07/05/2021,140,1,agillespie@hotmail.com,07/05/2021,7201903,7201903,"Gillespie, Annika(agillespie@hotmail.com)"
21,61,11/10/2021,270,1,ctanner@msn.com,11/10/2021,7499003,7499003,"Tanner, Cynthia(ctanner@msn.com)"
22,61,12/13/2021,98,1,lbaker@yahoo.com,12/13/2021,7566519,7566519,"Baker, Lennon(lbaker@yahoo.com)"
23,61,12/27/2021,199,1,jbonner@hotmail.com,12/27/2021,7601636,7601636,"Bonner, Juanita(jbonner@hotmail.com)"
24,61,12/27/2021,167,1,kpetersen@yahoo.com,12/27/2021,7601708,7601708,"Petersen, Keisha(kpetersen@yahoo.com)"
25,61,12/27/2021,44,1,flester@gmail.com,12/27/2021,7602920,7602920,"Lester, Floyd(flester@gmail.com)"
26,61,12/27/2021,200,1,dsoto@gmail.com,12/27/2021,7602981,7602981,"Soto, Demi-Leigh(dsoto@gmail.com)"
27,61,12/27/2021,100,1,jmorrow@hotmail.com,12/27/2021,7603026,7603026,"Morrow, Jaydon(jmorrow@hotmail.com)"
28,61,12/27/2021,100,2,jmorrow123@gmail.com,12/27/2021,7603026,7603026,"Morrow, Jaydon(jmorrow123@gmail.com)"
29,61,12/27/2021,63,1,cmccarthy@hotmail.com,12/27/2021,7603081,7603081,"Mccarthy, Cara(cmccarthy@hotmail.com)"
30,61,12/27/2021,101,1,lrobertson@gmail.com,12/27/2021,7603162,7603162,"Robertson, Lula(lrobertson@gmail.com)"
31,61,12/28/2021,102,1,mweaver@msn.com,12/28/2021,7603473,7603473,"Weaver, Mathew(mweaver@msn.com)"
32,61,12/28/2021,168,1,zharris@yahoo.com,12/28/2021,7603478,7603478,"Harris, Zohaib(zharris@yahoo.com)"
33,61,12/28/2021,153,1,ebean@hotmail.com,12/28/2021,7603516,7603516,"Bean, Elmer(ebean@hotmail.com)"
34,61,12/28/2021,124,1,dtaylor@gmail.com,12/28/2021,7603524,7603524,"Taylor, Diane(dtaylor@gmail.com)"
35,61,01/14/2022,103,1,ablankenship@msn.com,01/14/2022,7647841,7647841,"Blankenship, Aimee(ablankenship@msn.com)"
36,61,01/14/2022,146,1,aphillips@yahoo.com,01/14/2022,7648632,7648632,"Phillips, Amanda(aphillips@yahoo.com)"
37,61,01/19/2022,66,1,sconnolly@msn.com,01/19/2022,7660984,7660984,"Connolly, Stacey(sconnolly@msn.com)"
38,61,02/14/2022,53,1,kslater@msn.com,02/14/2022,7772623,7772623,"Slater, Karim(kslater@msn.com)"
39,61,02/28/2022,150,1,ewhitehead@gmail.com,02/28/2022,7835792,7835792,"Whitehead, Edie(ewhitehead@gmail.com)"
40,61,04/05/2022,196,1,fmercado@yahoo.com,04/05/2022,8033485,8033485,"Mercado, Fraser(fmercado@yahoo.com)"
41,61,04/08/2022,69,1,ghatfield@hotmail.com,04/08/2022,8057198,8057198,"Hatfield, George(ghatfield@hotmail.com)"
42,61,07/13/2022,104,1,jharrington@yahoo.com,07/13/2022,8330014,8330014,"Harrington, John(jharrington@yahoo.com)"
43,61,07/18/2022,105,1,jbrooks@msn.com,07/18/2022,8341078,8341078,"Brooks, Janet(jbrooks@msn.com)"
44,61,07/20/2022,160,1,lharrison@gmail.com,07/20/2022,8346993,8346993,"Harrison, Lennox(lharrison@gmail.com)"
45,61,08/23/2022,84,1,cchandler@hotmail.com,08/23/2022,8433286,8433286,"Chandler, Cain(cchandler@hotmail.com)"
46,61,09/07/2022,346,1,hdillon@hotmail.com,09/07/2022,8471824,8471824,"Dillon, Hugh(hdillon@hotmail.com)"
47,61,09/07/2022,371,1,jhartley@yahoo.com,09/07/2022,8471830,8471830,"Hartley, Jakub(jhartley@yahoo.com)"
48,61,09/19/2022,194,1,mbeasley@hotmail.com,09/19/2022,8524760,8524760,"Beasley, Maison(mbeasley@hotmail.com)"
49,61,09/30/2022,85,1,bolson@yahoo.com,09/30/2022,8555272,8555272,"Olson, Bushra(bolson@yahoo.com)"
50,61,11/29/2022,164,1,cfischer@gmail.com,11/29/2022,8715572,8715572,"Fischer, Conrad(cfischer@gmail.com)"
51,61,11/29/2022,269,1,fdorsey@msn.com,11/29/2022,8715604,8715604,"Dorsey, Freddie(fdorsey@msn.com)"
52,61,11/29/2022,73,1,akoch@gmail.com,11/29/2022,8715883,8715883,"Koch, Amin(akoch@gmail.com)"
53,61,12/22/2022,127,1,kterry@msn.com,12/22/2022,8826058,8826058,"Terry, Katrina(kterry@msn.com)"
54,61,12/22/2022,165,1,lrose@yahoo.com,12/22/2022,8827220,8827220,"Rose, Laila(lrose@yahoo.com)"
55,61,12/22/2022,166,1,lholloway@msn.com,12/22/2022,8827286,8827286,"Holloway, Lorenzo(lholloway@msn.com)"
56,61,12/22/2022,197,1,zmurray@hotmail.com,12/22/2022,8827488,8827488,"Murray, Zuzanna(zmurray@hotmail.com)"
57,61,12/23/2022,241,1,aelliott@gmail.com,12/23/2022,8828538,8828538,"Elliott, Alisa(aelliott@gmail.com)"
58,61,12/27/2022,208,1,arobertson@yahoo.com,12/27/2022,8830894,8830894,"Robertson, Anne(arobertson@yahoo.com)"
59,61,12/30/2022,128,1,kcalhoun@msn.com,12/30/2022,8840690,8840690,"Calhoun, Kelly(kcalhoun@msn.com)"
60,61,01/27/2023,77,1,mosborn@gmail.com,01/27/2023,8935175,8935175,"Osborn, Minnie(mosborn@gmail.com)"
61,61,04/25/2023,89,1,againes@hotmail.com,04/25/2023,9496491,9496491,"Gaines, Ajay(againes@hotmail.com)"
62,61,06/22/2023,178,1,fknight@msn.com,06/22/2023,9680953,9680953,"Knight, Finnley(fknight@msn.com)"
63,61,07/11/2023,170,1,sromero@yahoo.com,07/11/2023,9717868,9717868,"Romero, Sulayman(sromero@yahoo.com)"
64,61,07/11/2023,107,1,pdale@hotmail.com,07/11/2023,9718150,9718150,"Dale, Patricia(pdale@hotmail.com)"
65,61,10/03/2023,132,1,radams@gmail.com,10/03/2023,9987481,9987481,"Adams, Rhiannon(radams@gmail.com)"
66,61,12/19/2023,192,1,hleonard@msn.com,12/19/2023,10244582,10244582,"Leonard, Hazel(hleonard@msn.com)"
67,61,12/28/2023,206,1,hparker@hotmail.com,12/28/2023,10264447,10264447,"Parker, Herman(hparker@hotmail.com)"
68,61,12/28/2023,95,1,jgomez@hotmail.com,12/28/2023,10264619,10264619,"Gomez, Jacqueline(jgomez@hotmail.com)"
69,61,12/28/2023,193,1,mmcknight@msn.com,12/28/2023,10264856,10264856,"Mcknight, Michael(mmcknight@msn.com)"
70,61,12/28/2023,181,1,aboyd@yahoo.com,12/28/2023,10265249,10265249,"Boyd, Annabel(aboyd@yahoo.com)"
71,61,12/28/2023,202,1,vsnyder@yahoo.com,12/28/2023,10265500,10265500,"Snyder, Violet(vsnyder@yahoo.com)"
72,61,10/09/2014,236,1,stodd@msn.com,09/30/2014,1210453,1229672,"Todd, Salma(stodd@msn.com)"
73,61,01/11/2018,304,1,thouse@msn.com,12/09/2014,1328424,4041999,"House, Tessa(thouse@msn.com)"
74,61,11/30/2015,255,1,bmcbride@yahoo.com,11/30/2015,2239143,2239143,"Mcbride, Bonnie(bmcbride@yahoo.com)"
75,61,03/21/2018,219,1,nfrost@yahoo.com,03/21/2018,4281456,4281522,"Frost, Nikita(nfrost@yahoo.com)"
76,61,01/10/2023,129,1,jpearson@yahoo.com,01/04/2023,8853606,8869221,"Pearson, Jessica(jpearson@yahoo.com)"
77,61,01/10/2023,111,1,idaniel@hotmail.com,01/10/2023,8870157,8870157,"Daniel, Iris(idaniel@hotmail.com)"
78,61,01/11/2018,357,1,ohardin@hotmail.com,04/02/2013,360,4042002,"Hardin, Olly(ohardin@hotmail.com)"
79,61,01/08/2018,120,1,jward@yahoo.com,08/01/2013,226322,4033571,"Ward, Jaime(jward@yahoo.com)"
80,61,01/08/2018,120,2,jward123@gmail.com,08/01/2013,226322,4033571,"Ward, Jaime(jward123@gmail.com)"
81,61,01/11/2018,368,1,hjarvis@msn.com,01/06/2015,1373910,4041991,"Jarvis, Hafsah(hjarvis@msn.com)"
82,61,01/08/2018,366,1,zhenderson@msn.com,01/06/2015,1374782,4032616,"Henderson, Zainab(zhenderson@msn.com)"
83,61,01/11/2018,369,1,dbuchanan@msn.com,11/30/2015,2239107,4041986,"Buchanan, Diane(dbuchanan@msn.com)"
84,61,01/11/2018,365,1,llevy@msn.com,06/27/2016,2820257,4041985,"Levy, Leroy(llevy@msn.com)"
85,61,01/11/2018,306,1,gpham@yahoo.com,09/19/2016,2945045,4041978,"Pham, Guy(gpham@yahoo.com)"
86,61,11/21/2022,375,1,hmclean@gmail.com,12/22/2016,3100235,8704426,"Mclean, Haydn(hmclean@gmail.com)"
87,61,01/11/2018,378,1,nmoon@msn.com,10/23/2017,3902383,4041960,"Moon, Nikolas(nmoon@msn.com)"
88,61,01/11/2018,322,1,aclarke@msn.com,01/04/2018,4023066,4042010,"Clarke, Ava-Rose(aclarke@msn.com)"
89,61,01/11/2018,327,1,lheath@hotmail.com,01/04/2018,4023092,4042005,"Heath, Luis(lheath@hotmail.com)"
90,61,01/11/2018,360,1,mluna@yahoo.com,01/04/2018,4023101,4041994,"Luna, Maximus(mluna@yahoo.com)"
91,61,01/11/2018,115,1,jsears@hotmail.com,01/11/2018,4041938,4041938,"Sears, Jan(jsears@hotmail.com)"
92,61,01/11/2018,134,1,rcantrell@hotmail.com,01/11/2018,4041939,4041939,"Cantrell, Rihanna(rcantrell@hotmail.com)"
93,61,12/31/2018,307,1,rtownsend@hotmail.com,12/31/2018,4826243,4826243,"Townsend, Rhonda(rtownsend@hotmail.com)"
94,61,12/31/2018,148,1,rjohnston@gmail.com,12/31/2018,4826269,4826269,"Johnston, Ruben(rjohnston@gmail.com)"
95,61,01/03/2019,46,1,cmcclure@yahoo.com,01/03/2019,4833506,4833506,"Mcclure, Cerys(cmcclure@yahoo.com)"
96,61,01/03/2019,247,1,krussell@hotmail.com,01/03/2019,4833523,4833523,"Russell, Keenan(krussell@hotmail.com)"
97,61,10/12/2021,113,1,bbrewer@msn.com,01/24/2019,4880512,7430292,"Brewer, Bryan(bbrewer@msn.com)"
98,61,09/27/2019,67,1,jcabrera@hotmail.com,09/11/2019,5325692,5350214,"Cabrera, Jan(jcabrera@hotmail.com)"
99,61,09/27/2019,376,1,ahudson@msn.com,09/27/2019,5350235,5350235,"Hudson, Alec(ahudson@msn.com)"
100,61,10/08/2019,137,1,mharrell@yahoo.com,10/08/2019,5369714,5369714,"Harrell, Mustafa(mharrell@yahoo.com)"
101,61,11/06/2019,235,1,lbrock@msn.com,11/06/2019,5412169,5412169,"Brock, Laurie(lbrock@msn.com)"
102,61,12/19/2019,50,1,emcdaniel@hotmail.com,12/19/2019,5491828,5491828,"Mcdaniel, Ella-Louise(emcdaniel@hotmail.com)"
103,61,12/30/2019,155,1,charmon@gmail.com,12/30/2019,5503408,5503408,"Harmon, Cecily(charmon@gmail.com)"
104,61,12/30/2019,326,1,kdavies@hotmail.com,12/30/2019,5503506,5503506,"Davies, Kirsty(kdavies@hotmail.com)"
105,61,12/30/2019,116,1,afarrell@msn.com,12/30/2019,5503571,5503571,"Farrell, Archie(afarrell@msn.com)"
106,61,12/30/2019,117,1,wmolina@msn.com,12/30/2019,5503599,5503599,"Molina, William(wmolina@msn.com)"
107,61,01/02/2020,139,1,fmclean@msn.com,01/02/2020,5508264,5508264,"Mclean, Florence(fmclean@msn.com)"
108,61,01/24/2020,70,1,batkinson@gmail.com,01/24/2020,5568208,5568208,"Atkinson, Bushra(batkinson@gmail.com)"
109,61,03/12/2020,303,1,hhess@gmail.com,03/12/2020,5988619,5988619,"Hess, Helen(hhess@gmail.com)"
110,61,04/15/2020,259,1,kochoa@yahoo.com,04/15/2020,6102095,6102095,"Ochoa, Kaine(kochoa@yahoo.com)"
111,61,04/29/2020,284,1,ccampos@yahoo.com,04/29/2020,6125259,6125259,"Campos, Ciara(ccampos@yahoo.com)"
112,61,06/04/2020,144,1,dwang@hotmail.com,06/04/2020,6188620,6188620,"Wang, Daisy(dwang@hotmail.com)"
113,61,07/08/2020,222,1,avalentine@msn.com,07/08/2020,6260158,6260158,"Valentine, Angel(avalentine@msn.com)"
114,61,12/22/2020,151,1,llevy@hotmail.com,12/22/2020,6575035,6575035,"Levy, Leonie(llevy@hotmail.com)"
115,61,01/06/2021,171,1,ale@msn.com,01/06/2021,6605105,6605105,"Le, Alistair(ale@msn.com)"
116,61,01/06/2021,173,1,asmall@yahoo.com,01/06/2021,6605163,6605163,"Small, Alfie(asmall@yahoo.com)"
117,61,01/06/2021,174,1,asingh@yahoo.com,01/06/2021,6605194,6605194,"Singh, Amanda(asingh@yahoo.com)"
118,61,01/06/2021,80,1,jduffy@hotmail.com,01/06/2021,6605232,6605232,"Duffy, Julian(jduffy@hotmail.com)"
119,61,01/06/2021,42,1,sbenton@hotmail.com,01/06/2021,6605584,6605584,"Benton, Shannon(sbenton@hotmail.com)"
120,61,01/06/2021,136,1,eguzman@gmail.com,01/06/2021,6605622,6605622,"Guzman, Eve(eguzman@gmail.com)"
121,61,01/06/2021,122,1,mgreen@hotmail.com,01/06/2021,6605676,6605676,"Green, Martin(mgreen@hotmail.com)"
122,61,01/06/2021,172,1,thahn@hotmail.com,01/06/2021,6605743,6605743,"Hahn, Theresa(thahn@hotmail.com)"
123,61,01/06/2021,175,1,thunt@gmail.com,01/06/2021,6605971,6605971,"Hunt, Tia(thunt@gmail.com)"
124,61,01/06/2021,176,1,lshields@msn.com,01/06/2021,6606030,6606030,"Shields, Lorcan(lshields@msn.com)"
125,61,03/09/2021,256,1,hneal@gmail.com,03/09/2021,6861121,6861121,"Neal, Hamza(hneal@gmail.com)"
126,61,04/13/2021,220,1,iayers@msn.com,04/13/2021,6997367,6997367,"Ayers, Ismail(iayers@msn.com)"
127,61,06/14/2013,350,1,isavage@msn.com,04/30/2013,63410,125668,"Savage, Ieuan(isavage@msn.com)"
128,61,06/14/2013,334,1,bjacobson@gmail.com,04/30/2013,63427,125662,"Jacobson, Bobby(bjacobson@gmail.com)"
129,61,06/14/2013,315,1,mcook@msn.com,04/30/2013,63431,125665,"Cook, Milo(mcook@msn.com)"
130,61,12/08/2014,254,1,srios@yahoo.com,12/08/2014,1325968,1325968,"Rios, Sara(srios@yahoo.com)"
131,61,12/08/2014,245,1,rkrueger@msn.com,12/08/2014,1325982,1325982,"Krueger, Rita(rkrueger@msn.com)"
132,61,12/08/2014,227,1,hpotts@yahoo.com,12/08/2014,1326003,1326003,"Potts, Homer(hpotts@yahoo.com)"
133,61,12/08/2014,28,1,otran@yahoo.com,12/08/2014,1326006,1326006,"Tran, Osian(otran@yahoo.com)"
134,61,09/01/2015,383,1,cdennis@gmail.com,09/01/2015,2068289,2068289,"Dennis, Carol(cdennis@gmail.com)"
135,61,11/30/2015,29,1,nrios@msn.com,11/30/2015,2239160,2239160,"Rios, Nate(nrios@msn.com)"
136,61,04/29/2021,381,1,bchapman@yahoo.com,04/29/2021,7044464,7044464,"Chapman, Beau(bchapman@yahoo.com)"
137,61,04/29/2021,186,1,egibbons@gmail.com,04/29/2021,7044871,7044871,"Gibbons, Elsie(egibbons@gmail.com)"
138,61,05/20/2021,55,1,joliver@hotmail.com,05/20/2021,7118277,7118277,"Oliver, Jacqueline(joliver@hotmail.com)"
139,61,06/27/2021,244,1,shaines@msn.com,06/27/2021,7187720,7187720,"Haines, Sam(shaines@msn.com)"
140,61,07/02/2021,266,1,cgillespie@hotmail.com,07/02/2021,7199388,7199388,"Gillespie, Cai(cgillespie@hotmail.com)"
141,61,09/24/2018,351,1,lespinoza@hotmail.com,04/02/2013,256,4662221,"Espinoza, Lottie(lespinoza@hotmail.com)"
142,61,08/02/2013,251,1,abarker@yahoo.com,08/01/2013,224773,228776,"Barker, Ayrton(abarker@yahoo.com)"
143,61,10/10/2017,253,1,sjennings@msn.com,12/08/2014,1325954,3869057,"Jennings, Sydney(sjennings@msn.com)"
144,61,09/08/2016,25,1,pjimenez@hotmail.com,09/16/2015,2103381,2916647,"Jimenez, Peggy(pjimenez@hotmail.com)"
145,61,01/16/2016,280,1,jroberts@hotmail.com,01/16/2016,2325421,2325421,"Roberts, Junaid(jroberts@hotmail.com)"
146,61,01/03/2020,328,1,fnolan@msn.com,12/21/2016,3098741,5511476,"Nolan, Frazer(fnolan@msn.com)"
147,61,05/03/2023,374,1,emoran@yahoo.com,12/21/2016,3098764,9522621,"Moran, Eric(emoran@yahoo.com)"
148,61,12/11/2020,367,1,mwarren@yahoo.com,12/21/2016,3098897,6558792,"Warren, Mckenzie(mwarren@yahoo.com)"
149,61,12/22/2016,329,1,nbartlett@gmail.com,12/22/2016,3100206,3100206,"Bartlett, Nicola(nbartlett@gmail.com)"
150,61,01/18/2018,372,1,jfitzpatrick@hotmail.com,01/18/2018,4058470,4058470,"Fitzpatrick, Jonas(jfitzpatrick@hotmail.com)"
151,61,10/31/2018,379,1,hgarcia@hotmail.com,10/31/2018,4739648,4739648,"Garcia, Hermione(hgarcia@hotmail.com)"
152,61,12/05/2018,45,1,pcamacho@msn.com,12/05/2018,4789910,4789910,"Camacho, Phyllis(pcamacho@msn.com)"
153,61,07/09/2021,121,1,freynolds@msn.com,07/29/2020,6312830,7209551,"Reynolds, Fred(freynolds@msn.com)"
