staff_KEY,update__staff_KEY,update_date_utc,staff_id,description,user_name,first_name,middle_name,last_name,social_security_number,comments,date_hired,date_left,date_education_met,date_exam_passed,date_experience_met,date_certified,certification_number,staff_status_KEY,staff_level_KEY,office_KEY,department_KEY,supervisor__staff_KEY,contact_KEY,create_date_utc,staff_id_sortable,department__description,office_id,office__description,staff__email
1,61,10/10/2023,3131AC,"Craig, Angelina",3131AC,Angelina,J,Craig,,,02/23/1983,09/29/2023,,,,,,2,16,1,3,71,312,04/02/2013,Z00000003131AC                            g,Payroll,IDMV,Mount Vista,acraig@company.com
2,61,12/22/2023,3590DL,"Lamb, Damian",3590DL,Damian,,Lamb,,,12/03/2012,12/15/2023,,,,,,2,16,3,1,78,340,04/02/2013,Z00000003590DL                            g,Client Accounting,ORPB,Pacifica Bluffs,dlamb@company.com
3,61,07/15/2020,4686CD,"Dennis, Carol",4686CD,Carol,M,Dennis,,,07/16/2012,08/31/2015,,,,,,2,16,2,,,383,05/03/2013,Z00000004686CD                            g,,WACL,Crystal Lake,
4,61,09/02/2021,2335ST,"Todd, Salma",2335ST,Salma,L,Todd,,,10/06/2014,10/19/2020,,,,,,2,16,1,1,73,236,09/30/2014,Z00000002335ST                            g,Client Accounting,IDMV,Mount Vista,stodd@company.com
5,61,07/15/2020,2222RK,"Krueger, Rita",2222RK,Rita,,Krueger,,,01/05/2015,04/15/2015,,,,,,2,16,1,,,245,12/08/2014,Z00000002222RK                            g,,IDMV,Mount Vista,rkrueger@company.com
6,61,07/15/2020,4874HP,"Potts, Homer",4874HP,Homer,,Potts,,,01/05/2015,04/15/2015,,,,,,2,16,1,,,227,12/08/2014,Z00000004874HP                            g,,IDMV,Mount Vista,hpotts@company.com
7,61,07/15/2020,2020LH,"Hopkins, Lewys",2020LH,Lewys,,Hopkins,,,01/15/2015,04/30/2016,,,,,,2,16,1,,,246,02/12/2015,Z00000002020LH                            g,,IDMV,Mount Vista,
8,61,07/15/2020,2254BM,"Mcbride, Bonnie",2254BM,Bonnie,D,Mcbride,,,01/04/2016,04/19/2016,,,,,,2,16,1,,,255,11/30/2015,Z00000002254BM                            g,,IDMV,Mount Vista,
9,61,09/02/2021,3556JF,"Fitzpatrick, Jonas",3556JF,Jonas,S,Fitzpatrick,,,01/25/2016,12/15/2017,,,,,,2,16,1,,,372,01/18/2016,Z00000003556JF                            g,,IDMV,Mount Vista,
10,61,01/02/2024,2530GP,"Pham, Guy",2530GP,Guy,E,Pham,,,09/18/2016,12/15/2023,,,,,,2,16,1,3,71,306,09/14/2016,Z00000002530GP                            g,Payroll,IDMV,Mount Vista,gpham@company.com
11,61,09/11/2020,3752FN,"Nolan, Frazer",3752FN,Frazer,L,Nolan,,,08/12/2018,01/03/2020,,,,,,2,16,1,2,,328,12/21/2016,Z00000003752FN                            g,Tax,IDMV,Mount Vista,
12,61,06/16/2023,3170MW,"Warren, Mckenzie",3170MW,Mckenzie,A,Warren,,,01/09/2017,10/20/2020,,,,,,2,16,1,1,73,367,12/21/2016,Z00000003170MW                            g,Client Accounting,IDMV,Mount Vista,
13,61,07/15/2020,3793AC,"Clarke, Ava-Rose",3793AC,Ava-Rose,K,Clarke,,,01/07/2018,04/30/2018,,,,,,2,16,1,,,322,01/04/2018,Z00000003793AC                            g,,IDMV,Mount Vista,aclarke@company.com
14,61,04/29/2023,4889PC,"Camacho, Phyllis",4889PC,Phyllis,J,Camacho,,,12/09/2018,05/21/2020,,,,,,2,16,1,3,,45,12/05/2018,Z00000004889PC                            g,Payroll,IDMV,Mount Vista,
15,61,05/11/2023,4779RT,"Townsend, Rhonda",4779RT,Rhonda,A,Townsend,,,01/06/2019,02/01/2023,,,,,,2,16,2,1,73,307,12/31/2018,Z00000004779RT                            g,Client Accounting,WACL,Crystal Lake,rtownsend@company.com
16,61,07/15/2020,4536RJ,"Johnston, Ruben",4536RJ,Ruben,K,Johnston,,,01/06/2019,04/27/2019,,,,,,2,16,2,,,148,12/31/2018,Z00000004536RJ                            g,,WACL,Crystal Lake,rjohnston@company.com
17,61,06/16/2023,3462CM,"Mcclure, Cerys",3462CM,Cerys,P,Mcclure,,,01/06/2019,01/28/2022,,,,,,2,16,1,1,73,46,01/03/2019,Z00000003462CM                            g,Client Accounting,IDMV,Mount Vista,cmcclure@company.com
18,61,09/02/2021,3789KR,"Russell, Keenan",3789KR,Keenan,A,Russell,,,01/06/2019,01/11/2021,,,,,,2,16,1,1,73,247,01/03/2019,Z00000003789KR                            g,Client Accounting,IDMV,Mount Vista,krussell@company.com
19,61,09/02/2021,4974EM,"Mcdaniel, Ella-Louise",4974EM,Ella-Louise,J,Mcdaniel,,,12/29/2019,07/17/2020,,,,,,2,16,1,3,71,50,12/19/2019,Z00000004974EM                            g,Payroll,IDMV,Mount Vista,emcdaniel@company.com
20,61,02/11/2021,4501CH,"Harmon, Cecily",4501CH,Cecily,,Harmon,,,01/05/2020,04/15/2020,,,,,,2,16,3,1,,155,12/30/2019,Z00000004501CH                            g,Client Accounting,ORPB,Pacifica Bluffs,charmon@company.com
21,61,07/27/2021,2391WM,"Molina, William",2391WM,William,M,Molina,,,01/05/2020,04/15/2020,,,,,,2,16,1,1,,117,12/30/2019,Z00000002391WM                            g,Client Accounting,IDMV,Mount Vista,wmolina@company.com
22,61,09/02/2021,3145FM,"Mclean, Florence",3145FM,Florence,B,Mclean,,,01/05/2020,02/05/2021,,,,,,2,16,1,3,71,139,01/02/2020,Z00000003145FM                            g,Payroll,IDMV,Mount Vista,fmclean@company.com
23,61,04/29/2023,3621KO,"Ochoa, Kaine",3621KO,Kaine,J,Ochoa,,,04/28/2020,01/20/2022,,,,,,2,16,1,3,71,259,04/15/2020,Z00000003621KO                            g,Payroll,IDMV,Mount Vista,kochoa@company.com
24,61,04/29/2023,3446AV,"Valentine, Angel",3446AV,Angel,E,Valentine,,,07/22/2020,06/11/2021,,,,,,2,16,1,3,71,222,07/08/2020,Z00000003446AV                            g,Payroll,IDMV,Mount Vista,avalentine@company.com
25,61,09/02/2021,4618AL,"Le, Alistair",4618AL,Alistair,B,Le,,,01/10/2021,04/15/2021,,,,,,2,16,1,1,73,171,01/06/2021,Z00000004618AL                            g,Client Accounting,IDMV,Mount Vista,ale@company.com
26,61,09/02/2021,4148EG,"Guzman, Eve",4148EG,Eve,N,Guzman,,,01/10/2021,04/15/2021,,,,,,2,16,1,1,73,136,01/06/2021,Z00000004148EG                            g,Client Accounting,IDMV,Mount Vista,eguzman@company.com
27,61,04/29/2023,3667MG,"Green, Martin",3667MG,Martin,N,Green,,,01/10/2021,05/17/2021,,,,,,2,16,1,1,73,122,01/06/2021,Z00000003667MG                            g,Client Accounting,IDMV,Mount Vista,mgreen@company.com
28,61,09/01/2023,3089LS,"Shields, Lorcan",3089LS,Lorcan,S,Shields,,,01/10/2021,08/31/2023,,,,,,2,16,1,1,78,176,01/06/2021,Z00000003089LS                            g,Client Accounting,IDMV,Mount Vista,lshields@company.com
29,61,05/11/2023,3035IA,"Ayers, Ismail",3035IA,Ismail,T,Ayers,,,04/18/2021,12/15/2021,,,,,,2,16,1,3,71,220,04/13/2021,Z00000003035IA                            g,Payroll,IDMV,Mount Vista,iayers@company.com
30,61,05/11/2023,4439EG,"Gibbons, Elsie",4439EG,Elsie,M,Gibbons,,,05/09/2021,10/21/2022,,,,,,2,16,1,3,71,186,04/29/2021,Z00000004439EG                            g,Payroll,IDMV,Mount Vista,egibbons@company.com
31,61,05/11/2023,4455SH,"Haines, Sam",4455SH,Sam,E,Haines,,,07/27/2021,01/31/2023,,,,,,2,16,1,3,71,244,06/27/2021,Z00000004455SH                            g,Payroll,IDMV,Mount Vista,shaines@company.com
32,61,05/11/2023,4153LB,"Baker, Lennon",4153LB,Lennon,H,Baker,,,12/19/2021,03/31/2022,,,,,,2,16,1,3,71,98,12/13/2021,Z00000004153LB                            g,Payroll,IDMV,Mount Vista,lbaker@company.com
33,61,04/29/2023,4732JB,"Bonner, Juanita",4732JB,Juanita,L,Bonner,,,01/09/2022,07/25/2022,,,,,,2,16,2,1,73,199,12/27/2021,Z00000004732JB                            g,Client Accounting,WACL,Crystal Lake,jbonner@company.com
34,61,05/11/2023,3177DS,"Soto, Demi-Leigh",3177DS,Demi-Leigh,E,Soto,,,01/09/2022,04/18/2022,,,,,,2,16,2,1,73,200,12/27/2021,Z00000003177DS                            g,Client Accounting,WACL,Crystal Lake,dsoto@company.com
35,61,05/11/2023,4948JM,"Morrow, Jaydon",4948JM,Jaydon,B,Morrow,,,01/09/2022,04/18/2022,,,,,,2,16,2,1,73,100,12/27/2021,Z00000004948JM                            g,Client Accounting,WACL,Crystal Lake,jmorrow@company.com
36,61,04/29/2023,4192LR,"Robertson, Lula",4192LR,Lula,N,Robertson,,,01/09/2022,04/18/2022,,,,,,2,16,1,1,73,101,12/27/2021,Z00000004192LR                            g,Client Accounting,IDMV,Mount Vista,lrobertson@company.com
37,61,05/11/2023,3102EB,"Bean, Elmer",3102EB,Elmer,I,Bean,,,01/09/2022,07/01/2022,,,,,,2,16,1,2,75,153,12/28/2021,Z00000003102EB                            g,Tax,IDMV,Mount Vista,ebean@company.com
38,61,04/29/2023,4731SC,"Connolly, Stacey",4731SC,Stacey,E,Connolly,,,01/23/2022,04/18/2022,,,,,,2,16,1,1,73,66,01/19/2022,Z00000004731SC                            g,Client Accounting,IDMV,Mount Vista,sconnolly@company.com
39,61,09/12/2023,4249EW,"Whitehead, Edie",4249EW,Edie,D,Whitehead,,,03/06/2022,08/30/2023,,,,,,2,16,1,3,71,150,02/28/2022,Z00000004249EW                            g,Payroll,IDMV,Mount Vista,ewhitehead@company.com
40,61,05/11/2023,3692JH,"Harrington, John",3692JH,John,M,Harrington,,,07/17/2022,04/27/2023,,,,,,2,16,2,1,78,104,07/13/2022,Z00000003692JH                            g,Client Accounting,WACL,Crystal Lake,jharrington@company.com
41,61,05/11/2023,2372CC,"Chandler, Cain",2372CC,Cain,V,Chandler,,,09/18/2022,04/15/2023,,,,,,2,16,1,1,78,84,08/23/2022,Z00000002372CC                            g,Client Accounting,IDMV,Mount Vista,cchandler@company.com
42,61,05/11/2023,3051CF,"Fischer, Conrad",3051CF,Conrad,A,Fischer,,,12/18/2022,04/18/2023,,,,,,2,16,1,3,71,164,11/29/2022,Z00000003051CF                            g,Payroll,IDMV,Mount Vista,cfischer@company.com
43,61,05/11/2023,4644FD,"Dorsey, Freddie",4644FD,Freddie,T,Dorsey,,,12/18/2022,03/31/2023,,,,,,2,16,1,3,71,269,11/29/2022,Z00000004644FD                            g,Payroll,IDMV,Mount Vista,fdorsey@company.com
44,61,05/11/2023,4303AE,"Elliott, Alisa",4303AE,Alisa,M,Elliott,,,01/08/2023,04/18/2023,,,,,,2,16,1,1,78,241,12/23/2022,Z00000004303AE                            g,Client Accounting,IDMV,Mount Vista,aelliott@company.com
45,61,10/10/2023,4859MO,"Osborn, Minnie",4859MO,Minnie,,Osborn,,,02/12/2023,10/05/2023,,,,,,2,16,1,3,71,77,01/27/2023,Z00000004859MO                            g,Payroll,IDMV,Mount Vista,mosborn@company.com
46,61,01/30/2024,4016HL,"Leonard, Hazel",4016HL,Hazel,A,Leonard,,,12/31/2023,,,,,,,1,16,1,3,71,192,12/19/2023,Z00000004016HL                            g,Payroll,IDMV,Mount Vista,hleonard@company.com
47,61,07/15/2020,4648IS,"Savage, Ieuan",4648IS,Ieuan,L,Savage,518-13-5660,,08/08/2011,04/10/2015,,,,,,2,16,1,,,350,04/02/2013,Z00000004648IS                            g,,IDMV,Mount Vista,isavage@company.com
48,61,07/15/2020,2087LE,"Espinoza, Lottie",2087LE,Lottie,,Espinoza,572-90-5369,,08/13/2012,09/21/2018,,,,,,2,16,1,,,351,04/02/2013,Z00000002087LE                            g,,IDMV,Mount Vista,
49,61,07/15/2020,4928AB,"Barker, Ayrton",4928AB,Ayrton,T,Barker,518-35-5965,,08/13/2013,01/16/2014,,,,,,2,16,1,,,251,08/01/2013,Z00000004928AB                            g,,IDMV,Mount Vista,
50,61,07/15/2020,3699JR,"Roberts, Junaid",3699JR,Junaid,L,Roberts,518-02-7669,,01/18/2016,04/30/2017,,,,,,2,16,1,,,280,01/15/2016,Z00000003699JR                            g,,IDMV,Mount Vista,
51,61,07/15/2020,3476NB,"Bartlett, Nicola",3476NB,Nicola,,Bartlett,647-20-3829,,01/09/2017,04/30/2017,,,,,,2,16,1,,,329,12/22/2016,Z00000003476NB                            g,,IDMV,Mount Vista,
52,61,06/16/2023,3419ER,"Riley, Evangeline",3419ER,Evangeline,A,Riley,,,01/03/1994,10/31/2020,,,,,,2,16,1,2,75,323,04/02/2013,Z00000003419ER                            g,Tax,IDMV,Mount Vista,eriley@company.com
53,61,09/02/2021,4159SJ,"Jennings, Sydney",4159SJ,Sydney,N,Jennings,,,01/05/2015,10/20/2017,,,,01/18/2017,,2,16,1,,,253,12/12/2013,Z00000004159SJ                            g,,IDMV,Mount Vista,
54,61,07/15/2020,3935KK,"Kramer, Kabir",3935KK,Kabir,P,Kramer,,,08/04/2014,11/21/2018,,,,09/17/2015,,2,16,1,,,110,06/13/2014,Z00000003935KK                            g,,IDMV,Mount Vista,
55,61,05/11/2023,3589ID,"Daniel, Iris",3589ID,Iris,J,Daniel,,,07/03/2014,12/30/2022,,,,,,2,16,1,2,75,111,07/01/2014,Z00000003589ID                            g,Tax,IDMV,Mount Vista,idaniel@company.com
56,61,03/11/2024,2367ST,"Taylor, Stevie",2367ST,Stevie,D,Taylor,,,12/03/2023,02/21/2024,,,,,,2,16,2,3,71,37,11/30/2015,Z00000002367ST                            g,Payroll,WACL,Crystal Lake,staylor@company.com
57,61,04/29/2023,3373NR,"Rios, Nate",3373NR,Nate,D,Rios,,,12/30/2015,10/15/2021,,11/22/2013,,01/27/2014,,2,16,3,1,73,29,11/30/2015,Z00000003373NR                            g,Client Accounting,ORPB,Pacifica Bluffs,nrios@company.com
58,61,06/16/2023,2994LL,"Levy, Leroy",2994LL,Leroy,J,Levy,,,06/27/2016,12/31/2021,,,,11/15/2017,,2,16,1,1,73,365,06/24/2016,Z00000002994LL                            g,Client Accounting,IDMV,Mount Vista,llevy@company.com
59,61,09/26/2023,3310EM,"Moran, Eric",3310EM,Eric,K,Moran,518-43-4723,,01/09/2017,04/28/2023,,,,,,2,16,1,1,78,374,12/21/2016,Z00000003310EM                            g,Client Accounting,IDMV,Mount Vista,
60,61,06/16/2023,3139FR,"Reynolds, Fred",3139FR,Fred,D,Reynolds,,,08/16/2020,07/16/2021,,,,,,2,16,1,1,73,121,07/29/2020,Z00000003139FR                            g,Client Accounting,IDMV,Mount Vista,
61,61,08/01/2023,2014HM,"Moss, Haleema",2014HM,Haleema,B,Moss,,,09/24/2007,,,,,,,1,14,1,5,,353,04/02/2013,Z00000002014HM                            g,Admin,IDMV,Mount Vista,hmoss@company.com
62,61,07/26/2023,3902CR,"Richards, Cruz",3902CR,Cruz,D,Richards,,,10/01/2013,06/30/2023,,,,,,2,3,1,4,70,362,09/27/2013,Z00000003902CR                            g,Forensic Accounting,IDMV,Mount Vista,crichards@company.com
63,61,07/05/2023,4463AP,"Phelps, Adele",4463AP,Adele,M,Phelps,,,10/01/2013,06/30/2023,,,,,,2,13,1,3,71,218,09/27/2013,Z00000004463AP                            g,Payroll,IDMV,Mount Vista,
64,61,05/15/2023,3917JS,"Sears, Jan",3917JS,Jan,V,Sears,,,01/06/2014,12/04/2022,,,,,,2,7,1,2,75,115,12/10/2013,Z00000003917JS                            g,Tax,IDMV,Mount Vista,jsears@company.com
65,61,06/22/2023,4601AS,"Singh, Amanda",4601AS,Amanda,W,Singh,,,01/10/2021,02/12/2022,,,,,,2,5,1,3,71,174,01/06/2021,Z00000004601AS                            g,Payroll,IDMV,Mount Vista,asingh@company.com
66,61,08/01/2023,2559FL,"Lester, Floyd",2559FL,Floyd,C,Lester,,,01/09/2022,07/18/2023,,,,,,2,15,1,1,78,44,12/27/2021,Z00000002559FL                            g,Client Accounting,IDMV,Mount Vista,flester@company.com
67,61,01/18/2024,4274BO,"Olson, Bushra",4274BO,Bushra,R,Olson,,,10/16/2022,01/12/2024,,,,,,2,5,1,1,78,85,09/30/2022,Z00000004274BO                            g,Client Accounting,IDMV,Mount Vista,bolson@company.com
68,61,07/15/2020,2967MN,"Nicholson, Maximilian",2967MN,Maximilian,K,Nicholson,,,06/01/1987,,,,,10/08/1988,,1,3,1,5,62,311,04/02/2013,Z00000002967MN                            g,Admin,IDMV,Mount Vista,mnicholson@company.com
69,61,04/14/2023,4120RO,"Oneill, Rahim",4120RO,Rahim,R,Oneill,,,02/29/1984,,,,,03/28/1985,,1,3,2,2,75,332,04/02/2013,Z00000004120RO                            g,Tax,WACL,Crystal Lake,roneill@company.com
70,61,10/18/2023,3321MC,"Cook, Milo",3321MC,Milo,R,Cook,,,12/01/2007,,,,,07/01/2007,,1,3,1,5,68,315,04/02/2013,Z00000003321MC                            g,Admin,IDMV,Mount Vista,mcook@company.com
71,61,03/09/2023,4193AB,"Beasley, Anya",4193AB,Anya,J,Beasley,,,01/07/2013,,12/31/2012,07/31/2013,01/06/2014,01/07/2014,,1,3,1,3,70,355,04/02/2013,Z00000004193AB                            g,Payroll,IDMV,Mount Vista,abeasley@company.com
72,61,02/21/2024,2284BJ,"Jacobson, Bobby",2284BJ,Bobby,N,Jacobson,,,11/19/2012,,,,,01/08/1998,,1,3,1,1,78,334,04/02/2013,Z00000002284BJ                            g,Client Accounting,IDMV,Mount Vista,bjacobson@company.com
73,61,03/17/2023,4831LC,"Clark, Lucia",4831LC,Lucia,L,Clark,,,06/21/2010,,,,,10/06/2011,,1,3,1,1,78,333,04/02/2013,Z00000004831LC                            g,Client Accounting,IDMV,Mount Vista,lclark@company.com
74,61,03/17/2023,3230IG,"Gentry, Isobel",3230IG,Isobel,S,Gentry,,,12/30/2004,,,,,03/30/2006,,1,3,1,1,78,316,04/02/2013,Z00000003230IG                            g,Client Accounting,IDMV,Mount Vista,igentry@company.com
75,61,03/09/2023,2247RM,"Mccoy, Ridwan",2247RM,Ridwan,,Mccoy,,,10/20/2008,,,,,07/10/2009,,1,3,1,2,70,356,04/02/2013,Z00000002247RM                            g,Tax,IDMV,Mount Vista,rmccoy@company.com
76,61,08/29/2023,4337JW,"Ward, Jaime",4337JW,Jaime,,Ward,,,08/13/2013,,,04/30/2012,,04/30/2012,,1,3,1,1,78,120,08/01/2013,Z00000004337JW                            g,Client Accounting,IDMV,Mount Vista,jward@company.com
77,61,04/14/2023,2066PJ,"Jimenez, Peggy",2066PJ,Peggy,B,Jimenez,,,09/16/2015,,,10/31/2012,,11/05/2015,,1,4,1,1,78,25,09/16/2015,Z00000002066PJ                            g,Client Accounting,IDMV,Mount Vista,pjimenez@company.com
78,61,02/21/2024,4152DB,"Buchanan, Diane",4152DB,Diane,M,Buchanan,,,12/07/2015,,,05/21/2014,,05/18/2015,,1,3,2,1,78,369,11/30/2015,Z00000004152DB                            g,Client Accounting,WACL,Crystal Lake,dbuchanan@company.com
79,61,12/22/2023,2156OH,"Hardin, Olly",2156OH,Olly,M,Hardin,,,12/17/2012,,,,,,,1,10,1,2,75,357,04/02/2013,Z00000002156OH                            g,Tax,IDMV,Mount Vista,ohardin@company.com
80,61,03/17/2023,4764RC,"Cantrell, Rihanna",4764RC,Rihanna,D,Cantrell,,,01/13/2014,,,,,,,1,7,2,1,78,134,12/10/2013,Z00000004764RC                            g,Client Accounting,WACL,Crystal Lake,rcantrell@company.com
81,61,03/17/2023,3241JH,"Hartley, Jakub",3241JH,Jakub,D,Hartley,,,01/03/2014,,12/31/2013,,,,,1,8,1,1,78,371,12/10/2013,Z00000003241JH                            g,Client Accounting,IDMV,Mount Vista,jhartley@company.com
82,61,04/14/2023,2339ZH,"Henderson, Zainab",2339ZH,Zainab,C,Henderson,,,09/18/2016,,08/31/2016,,,,,1,7,1,1,78,366,01/06/2015,Z00000002339ZH                            g,Client Accounting,IDMV,Mount Vista,zhenderson@company.com
83,61,03/17/2023,4092HD,"Dillon, Hugh",4092HD,Hugh,,Dillon,,,01/04/2016,,,,,,,1,7,2,1,78,346,12/15/2015,Z00000004092HD                            g,Client Accounting,WACL,Crystal Lake,hdillon@company.com
84,61,06/26/2023,4380LH,"Heath, Luis",4380LH,Luis,R,Heath,,,01/07/2018,,,,,,,1,6,1,1,78,327,01/04/2018,Z00000004380LH                            g,Client Accounting,IDMV,Mount Vista,lheath@company.com
85,61,09/05/2023,3598ML,"Luna, Maximus",3598ML,Maximus,T,Luna,,,01/07/2018,,,,,,,1,7,1,1,78,360,01/04/2018,Z00000003598ML                            g,Client Accounting,IDMV,Mount Vista,mluna@company.com
86,61,12/22/2023,4761HG,"Garcia, Hermione",4761HG,Hermione,M,Garcia,,,11/04/2018,,04/30/2016,,,,,1,10,1,1,78,379,10/31/2018,Z00000004761HG                            g,Client Accounting,IDMV,Mount Vista,hgarcia@company.com
87,61,11/08/2023,2505CC,"Campos, Ciara",2505CC,Ciara,K,Campos,,,05/10/2020,,,,,,,1,4,1,1,78,284,04/29/2020,Z00000002505CC                            g,Client Accounting,IDMV,Mount Vista,ccampos@company.com
88,61,05/03/2023,4689SB,"Benton, Shannon",4689SB,Shannon,,Benton,,,11/03/2020,,,,,,,1,7,1,1,78,42,01/06/2021,Z00000004689SB                            g,Client Accounting,IDMV,Mount Vista,sbenton@company.com
89,61,03/17/2023,2960JO,"Oliver, Jacqueline",2960JO,Jacqueline,S,Oliver,,,06/01/2021,,,,,,,1,6,1,1,78,55,05/20/2021,Z00000002960JO                            g,Client Accounting,IDMV,Mount Vista,joliver@company.com
90,61,04/14/2023,4125CG,"Gillespie, Cai",4125CG,Cai,W,Gillespie,,,07/01/2021,,,,,,,1,4,1,3,71,266,07/02/2021,Z00000004125CG                            g,Payroll,IDMV,Mount Vista,cgillespie@company.com
91,61,05/03/2023,2755GH,"Hatfield, George",2755GH,George,R,Hatfield,,,04/24/2022,,,,,,,1,8,1,1,78,69,04/08/2022,Z00000002755GH                            g,Client Accounting,IDMV,Mount Vista,ghatfield@company.com
92,61,06/16/2023,4194AM,"Murphy, Asia",4194AM,Asia,G,Murphy,,,10/30/2012,,,,,,,1,13,1,3,71,309,04/02/2013,Z00000004194AM                            g,Payroll,IDMV,Mount Vista,amurphy@company.com
93,61,07/15/2020,4981TM,"Mcgrath, Tamsin",4981TM,Tamsin,L,Mcgrath,,,09/02/2008,,,,,,,1,12,1,3,71,343,04/02/2013,Z00000004981TM                            g,Payroll,IDMV,Mount Vista,tmcgrath@company.com
94,61,07/15/2020,4081OL,"Lowe, Otis",4081OL,Otis,K,Lowe,,,01/09/2012,,,,,,,1,7,2,2,75,318,04/02/2013,Z00000004081OL                            g,Tax,WACL,Crystal Lake,olowe@company.com
95,61,05/18/2021,2277AH,"Haas, Alexia",2277AH,Alexia,,Haas,,,,,,,,,,1,17,1,,,226,05/28/2013,Z00000002277AH                            g,,IDMV,Mount Vista,
96,61,07/15/2020,2027MC,"Colon, Malachi",2027MC,Malachi,V,Colon,,,06/10/2013,,,,,,,1,12,1,3,71,214,06/04/2013,Z00000002027MC                            g,Payroll,IDMV,Mount Vista,mcolon@company.com
97,61,07/15/2020,2574DW,"Wang, Daisy",2574DW,Daisy,O,Wang,,,06/10/2020,,,,,,,1,11,3,3,71,144,06/04/2020,Z00000002574DW                            g,Payroll,ORPB,Pacifica Bluffs,dwang@company.com
98,61,04/25/2023,3339ZH,"Harris, Zohaib",3339ZH,Zohaib,D,Harris,,,01/09/2022,,,,,,,1,6,1,1,78,168,12/28/2021,Z00000003339ZH                            g,Client Accounting,IDMV,Mount Vista,zharris@company.com
99,61,08/29/2023,2482AK,"Koch, Amin",2482AK,Amin,J,Koch,,,12/18/2022,,,,,,,1,15,1,3,71,73,11/29/2022,Z00000002482AK                            g,Payroll,IDMV,Mount Vista,akoch@company.com
100,61,08/01/2023,3675ZM,"Murray, Zuzanna",3675ZM,Zuzanna,H,Murray,,,01/08/2023,,,,,,,1,15,1,1,78,197,12/22/2022,Z00000003675ZM                            g,Client Accounting,IDMV,Mount Vista,zmurray@company.com
101,61,03/17/2023,2776SL,"Lozano, Sinead",2776SL,Sinead,D,Lozano,,,12/29/2008,,,,,,,1,9,1,1,78,317,04/02/2013,Z00000002776SL                            g,Client Accounting,IDMV,Mount Vista,slozano@company.com
102,61,02/21/2024,2952NF,"Frost, Nikita",2952NF,Nikita,S,Frost,,,02/17/2014,,,,,,,1,14,1,1,78,219,02/11/2014,Z00000002952NF                            g,Client Accounting,IDMV,Mount Vista,nfrost@company.com
103,61,12/22/2023,2448SR,"Rios, Sara",2448SR,Sara,M,Rios,,,04/21/2015,,,,,,,1,10,1,1,78,254,12/08/2014,Z00000002448SR                            g,Client Accounting,IDMV,Mount Vista,srios@company.com
104,61,01/18/2024,3121OT,"Tran, Osian",3121OT,Osian,B,Tran,,,01/05/2015,,,,,,,1,4,1,1,78,28,12/08/2014,Z00000003121OT                            g,Client Accounting,IDMV,Mount Vista,otran@company.com
105,61,04/14/2023,4061TH,"House, Tessa",4061TH,Tessa,K,House,,,01/05/2015,,,,,,,1,4,1,1,78,304,12/09/2014,Z00000004061TH                            g,Client Accounting,IDMV,Mount Vista,thouse@company.com
106,61,03/08/2022,4464HJ,"Jarvis, Hafsah",4464HJ,Hafsah,,Jarvis,,,01/05/2015,,,,,,,1,13,1,3,71,368,12/17/2014,Z00000004464HJ                            g,Payroll,IDMV,Mount Vista,hjarvis@company.com
107,61,01/18/2024,3746HM,"Mclean, Haydn",3746HM,Haydn,K,Mclean,,,01/08/2017,,,,,,,1,4,1,1,78,375,12/22/2016,Z00000003746HM                            g,Client Accounting,IDMV,Mount Vista,hmclean@company.com
108,61,04/14/2023,2623NM,"Moon, Nikolas",2623NM,Nikolas,A,Moon,,,10/19/2017,,,,,,,1,14,1,1,78,378,10/23/2017,Z00000002623NM                            g,Client Accounting,IDMV,Mount Vista,nmoon@company.com
109,61,03/17/2023,2089BB,"Brewer, Bryan",2089BB,Bryan,L,Brewer,,,01/31/2019,,,,,,,1,4,1,1,78,113,01/24/2019,Z00000002089BB                            g,Client Accounting,IDMV,Mount Vista,bbrewer@company.com
110,61,07/19/2021,4059JC,"Cabrera, Jan",4059JC,Jan,J,Cabrera,,,09/15/2019,,,,,,,1,4,1,3,71,67,09/11/2019,Z00000004059JC                            g,Payroll,IDMV,Mount Vista,jcabrera@company.com
111,61,10/25/2022,3592AH,"Hudson, Alec",3592AH,Alec,,Hudson,,,10/06/2019,,,,,,,1,6,1,3,71,376,09/27/2019,Z00000003592AH                            g,Payroll,IDMV,Mount Vista,ahudson@company.com
112,61,02/01/2023,2335MH,"Harrell, Mustafa",2335MH,Mustafa,K,Harrell,,,10/13/2019,,,,,,,1,12,1,3,71,137,10/08/2019,Z00000002335MH                            g,Payroll,IDMV,Mount Vista,mharrell@company.com
113,61,02/01/2023,4545LB,"Brock, Laurie",4545LB,Laurie,B,Brock,,,11/10/2019,,,,,,,1,4,1,3,71,235,11/06/2019,Z00000004545LB                            g,Payroll,IDMV,Mount Vista,lbrock@company.com
114,61,08/07/2023,4769KD,"Davies, Kirsty",4769KD,Kirsty,T,Davies,,,01/05/2020,,,,,,,1,6,2,1,78,326,12/30/2019,Z00000004769KD                            g,Client Accounting,WACL,Crystal Lake,kdavies@company.com
115,61,04/14/2023,4428AF,"Farrell, Archie",4428AF,Archie,,Farrell,,,01/05/2020,,,,,,,1,6,2,2,73,116,12/30/2019,Z00000004428AF                            g,Tax,WACL,Crystal Lake,afarrell@company.com
116,61,03/17/2023,4646BA,"Atkinson, Bushra",4646BA,Bushra,B,Atkinson,,,01/29/2020,,,,,,,1,7,2,1,78,70,01/24/2020,Z00000004646BA                            g,Client Accounting,WACL,Crystal Lake,batkinson@company.com
117,61,02/12/2024,3683HH,"Hess, Helen",3683HH,Helen,M,Hess,,,04/28/2020,,,,,,,1,13,1,3,71,303,03/12/2020,Z00000003683HH                            g,Payroll,IDMV,Mount Vista,hhess@company.com
118,61,02/01/2023,4624LL,"Levy, Leonie",4624LL,Leonie,D,Levy,,,12/28/2020,,,,,,,1,11,1,3,71,151,12/22/2020,Z00000004624LL                            g,Payroll,IDMV,Mount Vista,llevy@company.com
119,61,06/26/2023,4230AS,"Small, Alfie",4230AS,Alfie,,Small,,,01/10/2021,,,,,,,1,6,1,2,75,173,01/06/2021,Z00000004230AS                            g,Tax,IDMV,Mount Vista,asmall@company.com
120,61,06/26/2023,4171JD,"Duffy, Julian",4171JD,Julian,,Duffy,,,01/10/2021,,,,,,,1,6,1,1,78,80,01/06/2021,Z00000004171JD                            g,Client Accounting,IDMV,Mount Vista,jduffy@company.com
121,61,10/17/2023,3687TH,"Hahn, Theresa",3687TH,Theresa,A,Hahn,,,01/10/2021,,,,,,,1,6,1,1,78,172,01/06/2021,Z00000003687TH                            g,Client Accounting,IDMV,Mount Vista,thahn@company.com
122,61,09/05/2023,2845TH,"Hunt, Tia",2845TH,Tia,,Hunt,,,01/10/2021,,,,,,,1,6,1,2,75,175,01/06/2021,Z00000002845TH                            g,Tax,IDMV,Mount Vista,thunt@company.com
123,61,02/01/2023,3525HN,"Neal, Hamza",3525HN,Hamza,A,Neal,,,03/14/2021,,,,,,,1,11,1,3,71,256,03/09/2021,Z00000003525HN                            g,Payroll,IDMV,Mount Vista,hneal@company.com
124,61,04/14/2023,3024BC,"Chapman, Beau",3024BC,Beau,I,Chapman,,,05/09/2021,,,,,,,1,12,1,3,71,381,04/29/2021,Z00000003024BC                            g,Payroll,IDMV,Mount Vista,bchapman@company.com
125,61,04/14/2023,2111AG,"Gillespie, Annika",2111AG,Annika,M,Gillespie,,,07/11/2021,,,,,,,1,14,1,3,71,140,07/05/2021,Z00000002111AG                            g,Payroll,IDMV,Mount Vista,agillespie@company.com
126,61,04/14/2023,3984CT,"Tanner, Cynthia",3984CT,Cynthia,J,Tanner,,,12/05/2021,,,,,,,1,6,3,3,71,270,11/10/2021,Z00000003984CT                            g,Payroll,ORPB,Pacifica Bluffs,ctanner@company.com
127,61,12/21/2023,2617KP,"Petersen, Keisha",2617KP,Keisha,J,Petersen,,,01/10/2022,,,,,,,1,6,1,1,78,167,12/27/2021,Z00000002617KP                            g,Client Accounting,IDMV,Mount Vista,kpetersen@company.com
128,61,07/27/2023,4789CM,"Mccarthy, Cara",4789CM,Cara,,Mccarthy,,,01/09/2022,,,,,,,1,4,1,1,78,63,12/27/2021,Z00000004789CM                            g,Client Accounting,IDMV,Mount Vista,cmccarthy@company.com
129,61,02/22/2024,4989MW,"Weaver, Mathew",4989MW,Mathew,,Weaver,,,01/09/2022,,,,,,,1,4,1,1,78,102,12/28/2021,Z00000004989MW                            g,Client Accounting,IDMV,Mount Vista,mweaver@company.com
130,61,07/25/2023,4797DT,"Taylor, Diane",4797DT,Diane,P,Taylor,,,01/09/2022,,,,,,,1,6,1,4,78,124,12/28/2021,Z00000004797DT                            g,Forensic Accounting,IDMV,Mount Vista,dtaylor@company.com
131,61,04/14/2023,2013AB,"Blankenship, Aimee",2013AB,Aimee,I,Blankenship,,,02/06/2022,,,,,,,1,11,1,3,71,103,01/14/2022,Z00000002013AB                            g,Payroll,IDMV,Mount Vista,ablankenship@company.com
132,61,04/14/2023,2873AP,"Phillips, Amanda",2873AP,Amanda,M,Phillips,,,02/06/2022,,,,,,,1,11,1,3,71,146,01/14/2022,Z00000002873AP                            g,Payroll,IDMV,Mount Vista,aphillips@company.com
133,61,02/01/2023,3467KS,"Slater, Karim",3467KS,Karim,C,Slater,,,02/20/2022,,,,,,,1,5,1,3,71,53,02/14/2022,Z00000003467KS                            g,Payroll,IDMV,Mount Vista,kslater@company.com
134,61,02/01/2023,2622FM,"Mercado, Fraser",2622FM,Fraser,D,Mercado,,,04/10/2022,,,,,,,1,5,1,3,71,196,04/05/2022,Z00000002622FM                            g,Payroll,IDMV,Mount Vista,fmercado@company.com
135,61,04/14/2023,4329JB,"Brooks, Janet",4329JB,Janet,A,Brooks,,,07/31/2022,,,,,,,1,1,2,1,78,105,07/18/2022,Z00000004329JB                            g,Client Accounting,WACL,Crystal Lake,jbrooks@company.com
136,61,10/20/2023,4219LH,"Harrison, Lennox",4219LH,Lennox,C,Harrison,,,07/31/2022,,,,,,,1,6,1,1,78,160,07/20/2022,Z00000004219LH                            g,Client Accounting,IDMV,Mount Vista,lharrison@company.com
137,61,02/22/2024,2947MB,"Beasley, Maison",2947MB,Maison,R,Beasley,,,10/02/2022,,,,,,,1,6,1,3,71,194,09/19/2022,Z00000002947MB                            g,Payroll,IDMV,Mount Vista,mbeasley@company.com
138,61,06/26/2023,3163KT,"Terry, Katrina",3163KT,Katrina,W,Terry,,,01/08/2023,,,,,,,1,15,1,1,78,127,12/22/2022,Z00000003163KT                            g,Client Accounting,IDMV,Mount Vista,kterry@company.com
139,61,06/26/2023,4788LR,"Rose, Laila",4788LR,Laila,K,Rose,,,01/08/2023,,,,,,,1,15,1,1,78,165,12/22/2022,Z00000004788LR                            g,Client Accounting,IDMV,Mount Vista,lrose@company.com
140,61,02/21/2024,4074LH,"Holloway, Lorenzo",4074LH,Lorenzo,A,Holloway,,,01/08/2023,,,,,,,1,6,1,1,78,166,12/22/2022,Z00000004074LH                            g,Client Accounting,IDMV,Mount Vista,lholloway@company.com
141,61,08/02/2023,2788AR,"Robertson, Anne",2788AR,Anne,J,Robertson,,,01/08/2023,,,,,,,1,4,1,2,75,208,12/27/2022,Z00000002788AR                            g,Tax,IDMV,Mount Vista,arobertson@company.com
142,61,02/20/2024,2609KC,"Calhoun, Kelly",2609KC,Kelly,R,Calhoun,,,01/08/2023,,,,,,,1,6,1,1,78,128,12/30/2022,Z00000002609KC                            g,Client Accounting,IDMV,Mount Vista,kcalhoun@company.com
143,61,05/03/2023,3845JP,"Pearson, Jessica",3845JP,Jessica,P,Pearson,,,01/08/2023,,,,,,,1,6,1,1,78,129,01/04/2023,Z00000003845JP                            g,Client Accounting,IDMV,Mount Vista,jpearson@company.com
144,61,04/25/2023,2034AG,"Gaines, Ajay",2034AG,Ajay,L,Gaines,,,05/07/2023,,,,,,,1,15,1,2,75,89,04/25/2023,Z00000002034AG                            g,Tax,IDMV,Mount Vista,againes@company.com
145,61,07/20/2023,2163FK,"Knight, Finnley",2163FK,Finnley,D,Knight,,,07/30/2023,,,,,,,1,2,1,3,71,178,06/22/2023,Z00000002163FK                            g,Payroll,IDMV,Mount Vista,fknight@company.com
146,61,08/02/2023,3071SR,"Romero, Sulayman",3071SR,Sulayman,M,Romero,,,07/30/2023,,,,,,,1,4,1,1,78,170,07/11/2023,Z00000003071SR                            g,Client Accounting,IDMV,Mount Vista,sromero@company.com
147,61,12/21/2023,2868PD,"Dale, Patricia",2868PD,Patricia,M,Dale,,,07/30/2023,,,,,,,1,6,1,3,71,107,07/11/2023,Z00000002868PD                            g,Payroll,IDMV,Mount Vista,pdale@company.com
148,61,10/03/2023,3316RA,"Adams, Rhiannon",3316RA,Rhiannon,D,Adams,,,10/08/2023,,,,,,,1,15,1,3,71,132,10/03/2023,Z00000003316RA                            g,Payroll,IDMV,Mount Vista,radams@company.com
149,61,12/28/2023,4270HP,"Parker, Herman",4270HP,Herman,M,Parker,,,01/14/2024,,,,,,,1,15,2,1,78,206,12/28/2023,Z00000004270HP                            g,Client Accounting,WACL,Crystal Lake,hparker@company.com
150,61,12/28/2023,2215JG,"Gomez, Jacqueline",2215JG,Jacqueline,E,Gomez,,,01/14/2024,,,,,,,1,15,1,1,78,95,12/28/2023,Z00000002215JG                            g,Client Accounting,IDMV,Mount Vista,jgomez@company.com
151,61,12/28/2023,4940MM,"Mcknight, Michael",4940MM,Michael,M,Mcknight,,,01/14/2024,,,,,,,1,15,2,1,78,193,12/28/2023,Z00000004940MM                            g,Client Accounting,WACL,Crystal Lake,mmcknight@company.com
152,61,01/25/2024,2365AB,"Boyd, Annabel",2365AB,Annabel,S,Boyd,,,01/14/2024,,,,,,,1,15,1,1,78,181,12/28/2023,Z00000002365AB                            g,Client Accounting,IDMV,Mount Vista,aboyd@company.com
153,61,12/28/2023,3244VS,"Snyder, Violet",3244VS,Violet,R,Snyder,,,01/14/2024,,,,,,,1,15,3,1,78,202,12/28/2023,Z00000003244VS                            g,Client Accounting,ORPB,Pacifica Bluffs,vsnyder@company.com
